{
  "family": {
    "htl": "Spiro-OMeTAD",
    "abs": "MAPbI3",
    "etl": "SnO2",
    "d_abs_range_nm": [
      300.0,
      700.0
    ],
    "logNt_range": [
      13.0,
      16.0
    ]
  },
  "training": {
    "epochs_data": 1500,
    "epochs_pde": 1200,
    "lr": 0.003,
    "seed": 0,
    "final_loss_data": 0.008172426372766495,
    "final_loss_pde": 7793144832.0
  },
  "interpolation_validation": {
    "d500_Nt1e+14": {
      "relL2_psi": 0.07267687828632044,
      "relL2_logn": 0.07477837985388758
    },
    "d400_Nt3e+15": {
      "relL2_psi": 0.06532483361465184,
      "relL2_logn": 0.06539722825759335
    },
    "d600_Nt1e+15": {
      "relL2_psi": 0.07644573698945213,
      "relL2_logn": 0.07362957187317773
    }
  }
}